Opt_Level,Region,Size,Run_Iteration,FLOPs_per_cycle,AI,IPC,vIPC,DP_per_vec,%L1m,%L2m,%L3m,%Stall
-O2,-DTIME_REGION=1,-DSIZE=128,1,0.31878909568306435,0.0,1.2887867789018457,0.31878909568306435,1.0,99.06990521327013,27.536925192848173,0.0,53.108348134991125
-O2,-DTIME_REGION=1,-DSIZE=512,1,0.18031882028257198,0.0,0.7228144608751768,0.18031882028257198,1.0,99.7204234995998,158.59074240326237,0.0,73.73645837624089
-O2,-DTIME_REGION=1,-DSIZE=2048,1,0.03427992280442973,0.01596140129652305,0.13718847404385295,0.03427992280442973,1.0,100.33338277098598,104.32875771043433,93.47980036573522,92.98008194763032
-O2,-DTIME_REGION=2,-DSIZE=128,1,0.7745900354309723,0.0,1.835214623898661,0.7745900354309723,1.0,96.78391377412065,54.31684828164292,0.0,48.80381274887907
-O2,-DTIME_REGION=2,-DSIZE=512,1,0.3595305341803661,46.255639097744364,0.841877625860981,0.3595305341803661,1.0,100.16015581905818,157.90952941623303,0.06364214928629876,47.41324442959063
-O2,-DTIME_REGION=2,-DSIZE=2048,1,0.11511186864616521,0.05521558339905213,0.2688273700311054,0.11511186864616521,1.0,99.9470606665269,105.29668983642428,80.51409864109729,85.3550277959731
-O2,-DTIME_REGION=3,-DSIZE=128,1,0.707976838648345,0.0,2.133926770950364,0.707976838648345,1.0,3.2279686190875165,225.6724870221803,0.0,2.2599602454411896
-O2,-DTIME_REGION=3,-DSIZE=512,1,0.7405881145341096,0.0,2.2238652907707115,0.7405881145341096,1.0,3.141076681749048,220.59502125075895,0.0,0.2685746895664572
-O2,-DTIME_REGION=3,-DSIZE=2048,1,0.6479601599813134,0.2910033879941565,1.9443119071223487,0.6479601599813134,1.0,9.544220405368419,84.42154158985197,50.256930197406305,46.532428513783316
-O2,-DTIME_REGION=4,-DSIZE=128,1,0.47933570163704137,0.0,1.4551651358541846,0.47933570163704137,1.0,97.26979331902028,4.326158606045515,0.0,53.22085695244419
-O2,-DTIME_REGION=4,-DSIZE=512,1,0.1818599439921331,16352.0,0.5471849088566817,0.1818599439921331,1.0,99.33166522578088,219.0790729849872,4.382051786882609e-05,79.23014934223804
-O2,-DTIME_REGION=4,-DSIZE=2048,1,0.03761274497177719,0.014059097034267824,0.11292116393709094,0.03761274497177719,1.0,100.16477562711799,142.08375070148577,78.0479379791788,95.35406150747853
-O3,-DTIME_REGION=1,-DSIZE=128,1,0.5424619731265811,0.0,1.3730740168862314,0.27123098656329053,2.0,99.95219313971555,64.73753437761569,0.0,62.98827162521765
-O3,-DTIME_REGION=1,-DSIZE=512,1,0.34936161326493015,2052.0,0.8753659467663009,0.17468080663246507,2.0,99.99695676321335,141.12679271122607,0.001080742253779896,77.37946867389272
-O3,-DTIME_REGION=1,-DSIZE=2048,1,0.0700419071178674,0.03276994169501284,0.17519388180181145,0.0350209535589337,2.0,100.62055233494671,102.65744586425602,92.30212106967343,94.91502689827607
-O3,-DTIME_REGION=2,-DSIZE=128,1,0.8322048172477682,0.0,1.973623041940374,0.8322048172477682,1.0,98.33625218914186,29.385574354407833,0.0,44.68923698837797
-O3,-DTIME_REGION=2,-DSIZE=512,1,0.5193941052895413,0.0,1.2165423898740522,0.5193941052895413,1.0,99.4173180771119,145.5093118393114,0.0,59.53967568209326
-O3,-DTIME_REGION=2,-DSIZE=2048,1,0.11703907235412782,0.05002207694170263,0.273346992687271,0.11703907235412782,1.0,99.98342312671224,103.91236254613511,90.03324290402426,93.92906155403278
-O3,-DTIME_REGION=3,-DSIZE=128,1,1.432877590881264,0.0,2.4120339328921667,0.716438795440632,2.0,6.473003802281369,210.4793233082707,0.0,18.90505203626505
-O3,-DTIME_REGION=3,-DSIZE=512,1,1.4617722337773862,12288.0,2.4413800025650607,0.7308861168886931,2.0,6.282859294997093,212.4108416547789,0.001427368360952911,0.7944252684484544
-O3,-DTIME_REGION=3,-DSIZE=2048,1,1.0511034658756535,0.32903727877494665,1.7527097867413686,0.5255517329378268,2.0,19.41142854009397,61.95023244102998,59.268866053007464,56.31959181849355
-O3,-DTIME_REGION=4,-DSIZE=128,1,0.3910328665848557,0.0,1.1886234521847474,0.3910328665848557,1.0,97.29232427071513,44.1432942263877,0.0,58.37255060409192
-O3,-DTIME_REGION=4,-DSIZE=512,1,0.1669049632530151,1539.0117647058823,0.5023509861123503,0.1669049632530151,1.0,99.33891439849127,218.36831076995372,0.0004672854696789506,80.7497880261385
-O3,-DTIME_REGION=4,-DSIZE=2048,1,0.037506335451474374,0.014034580874479284,0.11261085869298632,0.037506335451474374,1.0,100.14954848006501,140.7848192454098,78.93464054841431,95.28399265751605
-O2,-DTIME_REGION=1,-DSIZE=128,2,0.304306960800575,0.0,1.2302390298741268,0.304306960800575,1.0,99.2239336492891,46.00274643262284,0.0,55.24225502663055
-O2,-DTIME_REGION=1,-DSIZE=512,2,0.17297627648175673,4104.0,0.6933822691677242,0.17297627648175673,1.0,99.61674349487475,129.97172550526867,0.00029213712916843163,74.92293132936129
-O2,-DTIME_REGION=1,-DSIZE=2048,2,0.03467489345718823,0.016265422482243184,0.13876914090225295,0.03467489345718823,1.0,100.35718970453765,102.956988290797,92.90424045647237,94.1357245919299
-O2,-DTIME_REGION=2,-DSIZE=128,2,0.7816608394374219,0.0,1.851967283140059,0.7816608394374219,1.0,97.96604276525468,44.7710871879806,0.0,49.30310557040928
-O2,-DTIME_REGION=2,-DSIZE=512,2,0.504968202860428,12304.0,1.1824354871083231,0.504968202860428,1.0,99.2708215511066,132.13569518716577,0.00028784847656193775,59.744250575695915
-O2,-DTIME_REGION=2,-DSIZE=2048,2,0.11515422720177153,0.05576621696685563,0.26892629240319343,0.11515422720177153,1.0,99.92153007090819,104.10633662320508,80.68585388330312,86.81870918423587
-O2,-DTIME_REGION=3,-DSIZE=128,2,0.70642004052947,0.0,2.1292343954354043,0.70642004052947,1.0,3.2264452738213114,221.48253068932954,0.0,3.2035527961022723
-O2,-DTIME_REGION=3,-DSIZE=512,2,0.7403726754853791,0.0,2.2232174210208706,0.7403726754853791,1.0,3.1409783290708564,220.18883390509728,0.0,0.5051727010923441
-O2,-DTIME_REGION=3,-DSIZE=2048,2,0.6391219095346908,0.2830688249666335,1.9177912710665868,0.6391219095346908,1.0,9.792257717350191,69.41387649364317,61.149854159641706,49.223346911276884
-O2,-DTIME_REGION=4,-DSIZE=128,2,0.4784966401467339,0.0,1.4526179168104885,0.4784966401467339,1.0,97.27193884581148,3.6256800294485405,0.0,52.26129243451787
-O2,-DTIME_REGION=4,-DSIZE=512,2,0.16690318064766835,32704.0,0.5021826281888991,0.16690318064766835,1.0,99.58268682670429,218.359164179486,2.1978136548115658e-05,78.8715006919029
-O2,-DTIME_REGION=4,-DSIZE=2048,2,0.03755983228791165,0.01401638143387118,0.11276230943734675,0.03755983228791165,1.0,100.12276740493355,141.20044936060935,78.83948122874824,95.28456033908603
-O3,-DTIME_REGION=1,-DSIZE=128,2,0.5605458804358896,0.0,1.418847812065044,0.2802729402179448,2.0,100.44221345763118,54.33127082341742,0.0,61.09243982754523
-O3,-DTIME_REGION=1,-DSIZE=512,2,0.3592196229408426,2052.0,0.9000663306823854,0.1796098114704213,2.0,99.99391352642671,152.07599424793236,0.001000280078421958,77.13465128524246
-O3,-DTIME_REGION=1,-DSIZE=2048,2,0.06866944024733064,0.031109175327873287,0.17176098480604982,0.03433472012366532,2.0,100.594625919914,104.42582354978347,95.70552648678692,95.2252461624023
-O3,-DTIME_REGION=2,-DSIZE=128,2,0.7727365144903736,386.0,1.832590437760991,0.7727365144903736,1.0,97.49562171628722,80.1748398299503,0.015108022359873092,47.962902141103235
-O3,-DTIME_REGION=2,-DSIZE=512,2,0.5304527186968254,6152.0,1.242444920774565,0.5304527186968254,1.0,99.45847966466523,155.27686653301745,0.000488628395661957,58.60324500268778
-O3,-DTIME_REGION=2,-DSIZE=2048,2,0.11729261312614676,0.05549795838894737,0.2739391233739987,0.11729261312614676,1.0,99.97322015081383,106.1210725847431,80.08831077727767,96.74577736377755
-O3,-DTIME_REGION=3,-DSIZE=128,2,1.4446273218904302,0.0,2.4318128379967083,0.7223136609452151,2.0,6.4365019011406845,214.55576559546313,0.0,9.546202680460851
-O3,-DTIME_REGION=3,-DSIZE=512,2,1.4623294421283985,0.0,2.442310624514219,0.7311647210641993,2.0,6.283431382831645,212.03641881638848,0.0,0.3782117316295831
-O3,-DTIME_REGION=3,-DSIZE=2048,2,1.111686832015815,0.3273580978704274,1.853732159258491,0.5558434160079075,2.0,19.194138984543166,61.44135113548991,60.61349222689161,50.20945764711245
-O3,-DTIME_REGION=4,-DSIZE=128,2,0.3502392109329908,0.0,1.0646228886729503,0.3502392109329908,1.0,97.31187358744266,72.37891638080184,0.0,62.66929204235455
-O3,-DTIME_REGION=4,-DSIZE=512,2,0.18343056745102002,523264.0,0.5520897755442281,0.18343056745102002,1.0,99.3314209411091,219.1603740460747,1.3708631851500943e-06,79.10242681670219
-O3,-DTIME_REGION=4,-DSIZE=2048,2,0.03793734246061731,0.014028203355255653,0.11390493223528499,0.03793734246061731,1.0,100.10971459468703,141.73252525966137,78.4519476641784,95.34358098588301
-O2,-DTIME_REGION=1,-DSIZE=128,3,0.31465213331554776,129.0,1.272062046229777,0.31465213331554776,1.0,98.28199052132702,30.644966847498495,0.041858518208455424,54.221849572193534
-O2,-DTIME_REGION=1,-DSIZE=512,3,0.18274760116638522,0.0,0.7325503161917007,0.18274760116638522,1.0,99.62129253351125,159.82921919533626,0.0,74.17483672067912
-O2,-DTIME_REGION=1,-DSIZE=2048,3,0.034460854123402426,0.01584057378593772,0.13791257057138326,0.034460854123402426,1.0,100.35104776306443,104.3272458469286,94.12027402642762,96.45196385385911
-O2,-DTIME_REGION=2,-DSIZE=128,3,0.8231648395588285,0.0,1.9503015560960981,0.8231648395588285,1.0,96.77811902416411,29.770672414825462,0.0,46.10142947585885
-O2,-DTIME_REGION=2,-DSIZE=512,3,0.5298242096431376,0.0,1.240638408245131,0.5298242096431376,1.0,99.2375273725035,163.42851066092413,0.0,58.57700441174789
-O2,-DTIME_REGION=2,-DSIZE=2048,3,0.11833840054588876,0.055511946929007135,0.27636246621958843,0.11833840054588876,1.0,99.9202463306775,104.92933252255108,80.34213831799947,89.06734479249835
-O2,-DTIME_REGION=3,-DSIZE=128,3,0.7060344456095494,768.0,2.1280721662812243,0.7060344456095494,1.0,3.240155381217153,219.46403385049368,0.021496130696474634,2.568338193257394
-O2,-DTIME_REGION=3,-DSIZE=512,3,0.7406913465831069,12288.0,2.2241743379351524,0.7406913465831069,1.0,3.142125614460014,215.92971381748657,0.0014107556006997348,0.15973568265342067
-O2,-DTIME_REGION=3,-DSIZE=2048,3,0.6481414595240219,0.28677072257155484,1.944855926463992,0.6481414595240219,1.0,9.770317391460354,68.01179601244023,61.47586626172523,46.32466762364738
-O2,-DTIME_REGION=4,-DSIZE=128,3,0.37981544131954675,0.0,1.1530419836863766,0.37981544131954675,1.0,97.99154757398018,54.961681265785714,0.0,59.51772846136969
-O2,-DTIME_REGION=4,-DSIZE=512,3,0.18184470341881945,30780.235294117647,0.5471390539825318,0.18184470341881945,1.0,99.33777503803167,218.78076520286828,2.3087898525861104e-05,79.17395916790453
-O2,-DTIME_REGION=4,-DSIZE=2048,3,0.03794154680819115,0.013992151512104044,0.11390829285462346,0.03794154680819115,1.0,100.12071518402787,141.8022794578137,78.60541963944353,95.16728341249039
-O3,-DTIME_REGION=1,-DSIZE=128,3,0.5610029558658648,0.0,1.4200047565657594,0.2805014779329324,2.0,100.34659973706226,50.91710338256312,0.0,60.25889307919682
-O3,-DTIME_REGION=1,-DSIZE=512,3,0.3628461741428447,0.0,0.9091544557984298,0.18142308707142235,2.0,100.08597143922276,155.00562515203114,0.0,76.52045858619627
-O3,-DTIME_REGION=1,-DSIZE=2048,3,0.07021186426427711,0.032241567862284916,0.1756190076352009,0.035105932132138556,2.0,100.61230724212491,104.42874256148689,92.13496075884507,96.37171306242561
-O3,-DTIME_REGION=2,-DSIZE=128,3,0.7837314806002348,0.0,1.8586656514704483,0.7837314806002348,1.0,98.66316403969644,56.925625702621154,0.0,47.817328130452715
-O3,-DTIME_REGION=2,-DSIZE=512,3,0.5281217933670903,6152.0,1.2369846752288656,0.5281217933670903,1.0,99.42902458366376,159.24086016604758,0.0004768796808721176,58.7207001777271
-O3,-DTIME_REGION=2,-DSIZE=2048,3,0.1155111307389056,0.055376930690142094,0.26977843745814994,0.1155111307389056,1.0,100.02021997909966,104.32603428662756,79.62299015293199,88.73933111490066
-O3,-DTIME_REGION=3,-DSIZE=128,3,1.4252326963783455,0.0,2.399164902716966,0.7126163481891727,2.0,6.466920152091254,212.51175917215429,0.0,7.837735958477107
-O3,-DTIME_REGION=3,-DSIZE=512,3,1.4620901982219148,6144.0,2.441911051122737,0.7310450991109574,2.0,6.281524423383137,211.33576199149968,0.002878940549877645,0.4209101624519876
-O3,-DTIME_REGION=3,-DSIZE=2048,3,1.1091755276598119,0.33149719014451406,1.8495445719701107,0.5545877638299059,2.0,19.193298163489466,61.55750055588197,59.780348487124,52.866251077736
-O3,-DTIME_REGION=4,-DSIZE=128,3,0.45048770027125373,0.0,1.3693482225185396,0.45048770027125373,1.0,97.28822368232836,24.477660365411072,0.0,54.65858599504689
-O3,-DTIME_REGION=4,-DSIZE=512,3,0.18189882650368805,0.0,0.5474795351370919,0.18189882650368805,1.0,99.33916297001151,218.9176578950864,0.0,79.24123859140639
-O3,-DTIME_REGION=4,-DSIZE=2048,3,0.03785487940705173,0.014031417289473623,0.11365734214468821,0.03785487940705173,1.0,100.11765108629886,141.19195815382457,78.69460185569126,95.00834759080142
-O2,-DTIME_REGION=1,-DSIZE=128,4,0.26917057902973396,0.0,1.0881911841418883,0.26917057902973396,1.0,98.67298578199052,60.945004803073964,0.0,60.33678925404278
-O2,-DTIME_REGION=1,-DSIZE=512,4,0.178713293679144,4104.0,0.7163786498796358,0.178713293679144,1.0,99.61674349487475,147.22868091680905,0.00025885209450172264,73.80265168679995
-O2,-DTIME_REGION=1,-DSIZE=2048,4,0.0340232233451926,0.016248086634655202,0.13616116924604335,0.0340232233451926,1.0,100.36554571535427,103.1034952242972,92.81847671055927,96.59999082358101
-O2,-DTIME_REGION=2,-DSIZE=128,4,0.809980491483467,0.0,1.9190642469548682,0.809980491483467,1.0,96.76652952425103,45.02065991975567,0.0,45.25975835669438
-O2,-DTIME_REGION=2,-DSIZE=512,4,0.5165641024631809,12304.0,1.2095878342520487,0.5165641024631809,1.0,99.2718254491729,145.55885021773878,0.000260941948244774,59.33078415204298
-O2,-DTIME_REGION=2,-DSIZE=2048,4,0.11685285810564695,0.055998931683250916,0.2728931936033856,0.11685285810564695,1.0,99.9171322923761,103.91147832173388,80.34727571424094,88.00437521628488
-O2,-DTIME_REGION=3,-DSIZE=128,4,0.7034778875053671,0.0,2.1203663947330758,0.7034778875053671,1.0,3.2416787264833573,222.60338345864662,0.0,3.10576785458709
-O2,-DTIME_REGION=3,-DSIZE=512,4,0.7405546400489665,0.0,2.223763830688827,0.7405546400489665,1.0,3.1397416764805444,220.57948126100953,0.0,0.5074626865671642
-O2,-DTIME_REGION=3,-DSIZE=2048,4,0.6373965711340156,0.292896142300616,1.912614107093504,0.6373965711340156,1.0,9.712445884562436,69.62814722897792,59.08165133415717,49.67966330555779
-O2,-DTIME_REGION=4,-DSIZE=128,4,0.4166212156524483,0.0,1.2647767854640048,0.4166212156524483,1.0,98.51443724977794,39.31209948171282,0.0,56.270598119329144
-O2,-DTIME_REGION=4,-DSIZE=512,4,0.16689730010845916,0.0,0.5021649346696757,0.16689730010845916,1.0,99.33926799911039,218.1680351797175,0.0,80.69005721808308
-O2,-DTIME_REGION=4,-DSIZE=2048,4,0.03755246524274098,0.014061380306041992,0.11274019211570464,0.03755246524274098,1.0,100.15486650831447,140.8640007676808,78.73409576913109,95.29198619559548
-O3,-DTIME_REGION=1,-DSIZE=128,4,0.5638381423937169,0.0,1.4271811507597747,0.28191907119685844,2.0,99.30680052587546,54.8441449031171,0.0,61.42393716919925
-O3,-DTIME_REGION=1,-DSIZE=512,4,0.3422076416158763,0.0,0.8574408430115148,0.17110382080793815,2.0,99.99695676321335,129.64583254079963,0.0,78.14233636555514
-O3,-DTIME_REGION=1,-DSIZE=2048,4,0.06905863222946489,0.03205846876416383,0.17273446002135998,0.03452931611473244,2.0,100.63890059152874,103.14865099081403,93.87818519394024,92.97379294986638
-O3,-DTIME_REGION=2,-DSIZE=128,4,0.7514867598521605,386.0,1.782195385340776,0.7514867598521605,1.0,97.48978400467017,96.63473053892216,0.012457178449081284,47.43638493011088
-O3,-DTIME_REGION=2,-DSIZE=512,4,0.5163283625345632,6152.0,1.209361703801766,0.5163283625345632,1.0,99.41958385257354,145.75402718850773,0.0005207695933049861,59.18725702524479
-O3,-DTIME_REGION=2,-DSIZE=2048,4,0.11682644988497934,0.05615080135489161,0.27285039027963714,0.11682644988497934,1.0,99.98722845300891,104.18700979657585,80.03403751255614,87.7681856561287
-O3,-DTIME_REGION=3,-DSIZE=128,4,1.4403094414815683,192.0,2.4245443356971226,0.7201547207407841,2.0,6.454752851711026,218.0018850141376,0.08708904855214457,12.386450213913145
-O3,-DTIME_REGION=3,-DSIZE=512,4,1.4617776679052115,0.0,2.4413890783777603,0.7308888339526057,2.0,6.281333727438286,213.28819939888882,0.0,1.5284471846497285
-O3,-DTIME_REGION=3,-DSIZE=2048,4,1.0588902083149423,0.32577691982667917,1.7656942250738505,0.5294451041574711,2.0,19.398773304520027,62.32815176967114,59.54897085232766,54.703493941360314
-O3,-DTIME_REGION=4,-DSIZE=128,4,0.3700582555490029,16256.0,1.1248668815532157,0.3700582555490029,1.0,98.21428826864016,56.06755581102705,0.00018542297297923725,60.059521819331685
-O3,-DTIME_REGION=4,-DSIZE=512,4,0.15189832101917744,54.383454153350485,0.4571839740038023,0.15189832101917744,1.0,99.3426561442932,217.47518561411292,0.013272185664273168,82.41437118882362
-O3,-DTIME_REGION=4,-DSIZE=2048,4,0.037533704591782104,0.014079263747966165,0.11269303276885134,0.037533704591782104,1.0,100.14441300111396,140.73864768168573,78.71333101812195,95.32580745182484
-O2,-DTIME_REGION=1,-DSIZE=128,5,0.3000054506804266,0.0,1.2128490706589872,0.3000054506804266,1.0,98.24644549763033,55.36661842739991,0.0,55.54061665364559
-O2,-DTIME_REGION=1,-DSIZE=512,5,0.172845826886997,1368.0,0.692859356789991,0.172845826886997,1.0,99.69445623824832,126.56567269740594,0.0009005331156044378,74.68203740860241
-O2,-DTIME_REGION=1,-DSIZE=2048,5,0.034276391683856315,0.016126509277760232,0.1371743424763493,0.034276391683856315,1.0,100.38359079839165,103.13910246513669,93.61245565276573,93.65945662476157
-O2,-DTIME_REGION=2,-DSIZE=128,5,0.7420958560507067,0.0,1.7582270685952026,0.7420958560507067,1.0,96.76073477429449,77.75781530722242,0.0,49.539644632691996
-O2,-DTIME_REGION=2,-DSIZE=512,5,0.509081223518216,3076.0,1.1920659056204415,0.509081223518216,1.0,99.24921133268757,130.32062552928085,0.0011673378859510886,59.645801897831554
-O2,-DTIME_REGION=2,-DSIZE=2048,5,0.11625750384352863,0.05641184501887355,0.27150284706013206,0.11625750384352863,1.0,100.19349076843102,102.85441258786673,80.59220601734611,87.83896390624743
-O2,-DTIME_REGION=3,-DSIZE=128,5,0.7044962662500538,384.0,2.1234359099313447,0.7044962662500538,1.0,3.2340620001523344,219.59491285916158,0.043122035360069,2.710372801674096
-O2,-DTIME_REGION=3,-DSIZE=512,5,0.7374934121561427,1365.3333333333333,2.21457240438952,0.7374934121561427,1.0,3.1470842054573107,218.63466957549315,0.012468655186267854,0.16185933804594704
-O2,-DTIME_REGION=3,-DSIZE=2048,5,0.644029739098826,0.28631718750682633,1.9325180275078322,0.644029739098826,1.0,9.705516225023954,68.99509066366318,60.98500861471785,49.184776920163046
-O2,-DTIME_REGION=4,-DSIZE=128,5,0.43738781622450396,2709.3333333333335,1.327819936724094,0.43738781622450396,1.0,97.28438160643773,24.260976490728176,0.0025524963414219107,55.12930654845298
-O2,-DTIME_REGION=4,-DSIZE=512,5,0.18187585706273404,80502.15384615384,0.5472327885155844,0.18187585706273404,1.0,99.33786679808624,219.0392051790809,8.907385951329118e-06,79.16431960531713
-O2,-DTIME_REGION=4,-DSIZE=2048,5,0.037854554141390065,0.013931531809307927,0.11364712364169038,0.037854554141390065,1.0,100.1428130911657,141.9236097232481,78.8931276258562,95.33451459727411
-O3,-DTIME_REGION=1,-DSIZE=128,5,0.5600135662201119,0.0,1.4175004239443785,0.28000678311005595,2.0,99.258993665591,50.89704996989766,0.0,62.66237069696455
-O3,-DTIME_REGION=1,-DSIZE=512,5,0.36019846461454913,0.0,0.9025189317579039,0.18009923230727456,2.0,100.00912971035993,151.19626324638077,0.0,76.82083604178838
-O3,-DTIME_REGION=1,-DSIZE=2048,5,0.07078319403151385,0.032075374782615074,0.17704804222197337,0.03539159701575693,2.0,100.64109193416559,104.42335185038738,92.777448224748,94.5436048540176
-O3,-DTIME_REGION=2,-DSIZE=128,5,0.8302470173080154,0.0,1.9689800033607796,0.8302470173080154,1.0,97.48394629305312,29.349062818132822,0.0,44.190892287010584
-O3,-DTIME_REGION=2,-DSIZE=512,5,0.5319803950048472,12304.0,1.2460224221154073,0.5319803950048472,1.0,99.41429704316303,163.40106131224383,0.00023267664228991046,58.58002276665529
-O3,-DTIME_REGION=2,-DSIZE=2048,5,0.1183921767567833,0.055381811566900446,0.2765071750956068,0.1183921767567833,1.0,99.98546852472943,104.7954653304964,80.86877868446666,88.59065748898847
-O3,-DTIME_REGION=3,-DSIZE=128,5,1.440098444229586,0.0,2.4241891535554188,0.720049222114793,2.0,6.445627376425856,210.94856064181218,0.0,9.296533942749994
-O3,-DTIME_REGION=3,-DSIZE=512,5,1.4612045900469708,0.0,2.440431951959094,0.7306022950234854,2.0,6.281715119327988,212.6589963874806,0.0,0.8338783518639634
-O3,-DTIME_REGION=3,-DSIZE=2048,5,1.0555422268497998,0.337883519138793,1.7601113985264751,0.5277711134248999,2.0,19.40692711494822,60.890409780883445,58.76196939309295,54.89871320759908
-O3,-DTIME_REGION=4,-DSIZE=128,5,0.3572462633471509,0.0,1.0859224127748064,0.3572462633471509,1.0,97.29566195893689,78.5110629866658,0.0,61.74001590532623
-O3,-DTIME_REGION=4,-DSIZE=512,5,0.1669524157191973,0.0,0.5024938111593212,0.1669524157191973,1.0,99.33835048902392,218.37127941956857,0.0,80.81763206643755
-O3,-DTIME_REGION=4,-DSIZE=2048,5,0.037612332328671026,0.014120683808645701,0.11292910786638716,0.037612332328671026,1.0,100.14270781505496,140.72967761463875,78.47188559241303,95.28088710207521
-O2,-DTIME_REGION=1,-DSIZE=128,6,0.2937660119555935,0.3253467843631778,1.187624537432394,0.2937660119555935,1.0,98.2760663507109,41.11157996262584,11.558081912257688,74.11400512382579
-O2,-DTIME_REGION=1,-DSIZE=512,6,0.17881744221670015,4104.0,0.7167961330292406,0.17881744221670015,1.0,99.63304421665555,147.13762822268893,0.0002590787677177492,73.90441501855193
-O2,-DTIME_REGION=1,-DSIZE=2048,6,0.03429870756211783,0.0162701286017089,0.13726365076630992,0.03429870756211783,1.0,100.39401814230837,103.10866257271849,92.75912667494525,96.64518692756062
-O2,-DTIME_REGION=2,-DSIZE=128,6,0.7736682221039115,0.0,1.833030597225267,0.7736682221039115,1.0,96.81868227385988,52.18458223605459,0.0,48.61419936738592
-O2,-DTIME_REGION=2,-DSIZE=512,6,0.5183782773212137,12304.0,1.213836569072252,0.5183782773212137,1.0,99.23112003949932,142.25903122519284,0.00026679116921229907,60.020828450979415
-O2,-DTIME_REGION=2,-DSIZE=2048,6,0.11547927133259141,0.05613136209140925,0.269685377489452,0.11547927133259141,1.0,99.92673604318057,103.800267626156,80.28781221743408,86.80816451048922
-O2,-DTIME_REGION=3,-DSIZE=128,6,0.7057708599572103,0.0,2.1272776876355124,0.7057708599572103,1.0,3.2279686190875165,224.49268522888156,0.0,3.770658931981678
-O2,-DTIME_REGION=3,-DSIZE=512,6,0.7397598136001527,2457.6,2.221378038192403,0.7397598136001527,1.0,3.1409783290708564,219.3023467621968,0.0069339472187937715,0.6406789258868715
-O2,-DTIME_REGION=3,-DSIZE=2048,6,0.636768515086226,0.2921974853609963,1.9107295207755848,0.636768515086226,1.0,9.819335344658896,69.17535397730515,59.153255512595315,49.112072902736884
-O2,-DTIME_REGION=4,-DSIZE=128,6,0.47376299008971307,0.0,1.4382475235667014,0.47376299008971307,1.0,97.27293879142896,3.298664976627166,0.0,52.06074587397729
-O2,-DTIME_REGION=4,-DSIZE=512,6,0.1669569475565668,299008.0,0.5023444047082978,0.1669569475565668,1.0,99.3424412090928,218.29560589600462,2.408896274182501e-06,80.8000888286108
-O2,-DTIME_REGION=4,-DSIZE=2048,6,0.037428744037365486,0.014003291574651808,0.11236875678477334,0.037428744037365486,1.0,100.14714574996128,140.7444802091534,79.12946548747203,95.35039681460819
-O3,-DTIME_REGION=1,-DSIZE=128,6,0.5512084390439311,0.0,1.3952129790359193,0.27560421952196557,2.0,99.29484881080435,53.26191622532499,0.0,61.77727333422352
-O3,-DTIME_REGION=1,-DSIZE=512,6,0.3440368955259852,373.09090909090907,0.8620242503467797,0.1720184477629926,2.0,100.1194461351187,127.95048519343146,0.006529274894344461,78.97853567934109
-O3,-DTIME_REGION=1,-DSIZE=2048,6,0.07084820251188487,0.033086443177081704,0.17721064613290152,0.03542410125594243,2.0,100.69551508577655,103.19443228366767,90.90366143429877,94.97547559493442
-O3,-DTIME_REGION=2,-DSIZE=128,6,0.8306797357050387,0.0,1.97000622068293,0.8306797357050387,1.0,97.53064798598949,28.341413778655657,0.0,44.7098976109215
-O3,-DTIME_REGION=2,-DSIZE=512,6,0.5277738495060096,0.0,1.2361697093831034,0.5277738495060096,1.0,99.42562592047128,159.26187573350956,0.0,58.603060388074525
-O3,-DTIME_REGION=2,-DSIZE=2048,6,0.11540028737559616,0.05536653245807788,0.2695195606800858,0.11540028737559616,1.0,99.98834627451801,104.77137720750854,80.59972013907277,88.53068105434521
-O3,-DTIME_REGION=3,-DSIZE=128,6,1.439887508788376,192.0,2.4238340754628545,0.719943754394188,2.0,6.457794676806083,215.73245407442298,0.0878348704435661,6.9076634637918914
-O3,-DTIME_REGION=3,-DSIZE=512,6,1.4618890764300425,0.0,2.4415751474098255,0.7309445382150213,2.0,6.282477903107391,212.74548489907423,0.0,0.648194276111801
-O3,-DTIME_REGION=3,-DSIZE=2048,6,1.0778382301092357,0.3369864422467134,1.797289787096551,0.5389191150546179,2.0,19.40772349335423,61.3423714988216,58.57219299117447,53.67951173064186
-O3,-DTIME_REGION=4,-DSIZE=128,6,0.4504107615366499,1806.2222222222222,1.3691143517171633,0.4504107615366499,1.0,97.28645947569686,22.47379126130321,0.0037547090309095993,54.52474093623152
-O3,-DTIME_REGION=4,-DSIZE=512,6,0.18187026975079573,77520.5925925926,0.547393586309732,0.18187026975079573,1.0,99.33558121628307,219.29703467902493,9.223384437362259e-06,79.23021696182069
-O3,-DTIME_REGION=4,-DSIZE=2048,6,0.03797367526305207,0.01398181338904286,0.11401401980384145,0.03797367526305207,1.0,100.13250552703032,141.87832153250244,78.63040084395959,95.13322801633937
-O2,-DTIME_REGION=1,-DSIZE=128,7,0.2926621765331443,0.0,1.1831619992910316,0.2926621765331443,1.0,98.82701421800948,58.19446109579187,0.0,55.356256646579226
-O2,-DTIME_REGION=1,-DSIZE=512,7,0.17454406264702832,0.0,0.6996661376969349,0.17454406264702832,1.0,99.66480870587343,144.1878514415285,0.0,74.54725241425507
-O2,-DTIME_REGION=1,-DSIZE=2048,7,0.033708483333609526,0.016195928046092,0.1349015775973961,0.033708483333609526,1.0,100.35576124192669,102.97799983584446,93.16417495536736,93.17644421605927
-O2,-DTIME_REGION=2,-DSIZE=128,7,0.7684937472780439,15.755102040816327,1.820770857960555,0.7684937472780439,1.0,96.75494002433796,46.661076840150926,0.5702315838473175,48.83966901014123
-O2,-DTIME_REGION=2,-DSIZE=512,7,0.5074677651353066,559.2727272727273,1.1882878273108313,0.5074677651353066,1.0,99.23677356862065,133.90100875060767,0.006250621510661572,59.67580825604355
-O2,-DTIME_REGION=2,-DSIZE=2048,7,0.11602228695737954,0.05455872986282643,0.27095352229594455,0.11602228695737954,1.0,99.91646692658432,104.30733419251936,82.23107569721115,88.97642875129073
-O2,-DTIME_REGION=3,-DSIZE=128,7,0.7058924904137525,0.0,2.1276442963622526,0.7058924904137525,1.0,3.246248762281971,218.91130924448615,0.0,2.091022676681363
-O2,-DTIME_REGION=3,-DSIZE=512,7,0.7407290194970331,0.0,2.224287463501931,0.7407290194970331,1.0,3.142602402055908,221.72290326495934,0.0,0.24894037863803337
-O2,-DTIME_REGION=3,-DSIZE=2048,7,0.6491699280594172,0.2878425860857344,1.9479420168488195,0.6491699280594172,1.0,9.947907080316961,66.44054229107013,61.49225675069816,46.12987957176463
-O2,-DTIME_REGION=4,-DSIZE=128,7,0.45496104959256656,10837.333333333334,1.381168678397414,0.45496104959256656,1.0,97.28276183651371,21.08316228810486,0.0007125230679343244,53.848271392550316
-O2,-DTIME_REGION=4,-DSIZE=512,7,0.1872812296551613,3511.8389261744965,0.5634966065566468,0.1872812296551613,1.0,99.34676298737577,219.83183412770776,0.00020305973336287738,78.60510377412443
-O2,-DTIME_REGION=4,-DSIZE=2048,7,0.03787530424447942,0.014034778527711017,0.11370941957257862,0.03787530424447942,1.0,100.15076391850644,141.83195626367817,78.33418879816367,94.92188316984081
-O3,-DTIME_REGION=1,-DSIZE=128,7,0.5496671105193076,0.0,1.3913115845539281,0.2748335552596538,2.0,99.30680052587546,58.46672283066554,0.0,61.98069241011984
-O3,-DTIME_REGION=1,-DSIZE=512,7,0.36186736655024904,684.0,0.9067005586669147,0.18093368327512452,2.0,100.1057516737675,154.72301811079276,0.0029379792578664394,76.5482513243368
-O3,-DTIME_REGION=1,-DSIZE=2048,7,0.0737059991369604,0.0320499754375417,0.18435879122183899,0.0368529995684802,2.0,100.55463947004719,105.64414688962425,92.70598119330224,92.74597612350769
-O3,-DTIME_REGION=2,-DSIZE=128,7,0.8329343538217742,386.0,1.975353181159176,0.8329343538217742,1.0,97.47227086981903,28.454213331736238,0.04122861265718408,44.930712431302474
-O3,-DTIME_REGION=2,-DSIZE=512,7,0.5284939597315437,12304.0,1.2378563758389263,0.5284939597315437,1.0,99.41580756013747,159.39877612881415,0.00023882136878079302,58.7013422818792
-O3,-DTIME_REGION=2,-DSIZE=2048,7,0.11589853511876692,0.055449905986764,0.2706832277376223,0.11589853511876692,1.0,99.98225776377426,104.74900747161571,80.55072640844615,88.57076258508171
-O3,-DTIME_REGION=3,-DSIZE=128,7,1.449355704302185,768.0,2.4397723586825113,0.7246778521510925,2.0,6.427376425855513,216.28017037387602,0.021929824561403508,8.04706159879692
-O3,-DTIME_REGION=3,-DSIZE=512,7,1.4548575910728954,4096.0,2.429831506818905,0.7274287955364477,2.0,6.28151244479363,212.8415300546448,0.004290924694271615,0.8374710483280179
-O3,-DTIME_REGION=3,-DSIZE=2048,7,1.0633883798210186,0.3342076320669884,1.7731948194715945,0.5316941899105093,2.0,19.408286083352923,61.11297421666648,58.94351139531202,54.61004439590912
-O3,-DTIME_REGION=4,-DSIZE=128,7,0.48774557891729037,0.0,1.4826012935020403,0.48774557891729037,1.0,97.27525437952376,4.489060665697767,0.0,52.6761605994056
-O3,-DTIME_REGION=4,-DSIZE=512,7,0.18179002093018212,3195.5053435114505,0.5471520532115901,0.18179002093018212,1.0,99.33147698972763,219.0565320356503,0.00022380094407370215,78.37675055780068
-O3,-DTIME_REGION=4,-DSIZE=2048,7,0.038004629173201146,0.013989709642657113,0.11410695749247544,0.038004629173201146,1.0,100.1407418780238,141.8278824751247,78.6224324945971,95.385722486155
-O2,-DTIME_REGION=1,-DSIZE=128,8,0.310381774093498,0.0,1.2547980225192203,0.310381774093498,1.0,98.82109004739337,42.36556561357233,0.0,55.48036617229647
-O2,-DTIME_REGION=1,-DSIZE=512,8,0.18261520694874445,0.0,0.7320203044838257,0.18261520694874445,1.0,99.61939710074604,159.44487571730826,0.0,73.16406904525681
-O2,-DTIME_REGION=1,-DSIZE=2048,8,0.03482326914074368,0.015904344951192764,0.13936294961608492,0.03482326914074368,1.0,100.437416826764,104.33809977093793,93.64837894700497,94.84884317608976
-O2,-DTIME_REGION=2,-DSIZE=128,8,0.7840175185261588,386.0,1.8575508973484187,0.7840175185261588,1.0,96.77811902416411,63.70875995449374,0.01689617301681169,46.979482378330346
-O2,-DTIME_REGION=2,-DSIZE=512,8,0.5287398770031968,0.0,1.2380993307625627,0.5287398770031968,1.0,99.2288586278508,163.61067325040358,0.0,58.642173843270726
-O2,-DTIME_REGION=2,-DSIZE=2048,8,0.11585430609113452,0.05552714964001031,0.27056121770962505,0.11585430609113452,1.0,99.91720362678068,104.7358182042685,80.44725944059296,88.79622288877958
-O2,-DTIME_REGION=3,-DSIZE=128,8,0.7062982282191663,0.0,2.1288672385797014,0.7062982282191663,1.0,3.2355853454185395,220.15065913370998,0.0,2.7072466267189723
-O2,-DTIME_REGION=3,-DSIZE=512,8,0.7407380894745815,215.57894736842104,2.2243146991533287,0.7407380894745815,1.0,3.1429838321326233,216.2378640776699,0.07999887720874092,0.7097195312742833
-O2,-DTIME_REGION=3,-DSIZE=2048,8,0.6450568959232919,0.2928542595453049,1.9356001818865034,0.6450568959232919,1.0,9.587421166673332,69.91587882721495,59.78458524422281,49.435511032892855
-O2,-DTIME_REGION=4,-DSIZE=128,8,0.3973790303328922,0.0,1.2063614470716526,0.3973790303328922,1.0,97.29611178099226,39.52503974173264,0.0,57.90003494880859
-O2,-DTIME_REGION=4,-DSIZE=512,8,0.1826663852071601,67517.93548387097,0.5496113541586396,0.1826663852071601,1.0,99.33693777010859,219.09315111955675,1.0614614787154804e-05,79.23234454583958
-O2,-DTIME_REGION=4,-DSIZE=2048,8,0.037898606708555264,0.013989032361140167,0.11377937775461051,0.037898606708555264,1.0,100.15916363807867,141.86069553708575,78.5794512457685,95.34771746952558
-O3,-DTIME_REGION=1,-DSIZE=128,8,0.551595122765993,0.0,1.396191748789043,0.2757975613829965,2.0,99.33070395601769,58.801588256527495,0.0,61.09904793719726
-O3,-DTIME_REGION=1,-DSIZE=512,8,0.36326018045728387,820.8,0.9101904150738813,0.18163009022864193,2.0,100.0053256238588,157.63159296142172,0.002394303473176618,76.49574304476026
-O3,-DTIME_REGION=1,-DSIZE=2048,8,0.0699799784998048,0.03169385805822915,0.1750389981415337,0.0349899892499024,2.0,100.62994032294807,104.28228681627193,93.98810878638658,95.95576502354197
-O3,-DTIME_REGION=2,-DSIZE=128,8,0.7789005722573424,0.0,1.847208866047641,0.7789005722573424,1.0,97.53064798598949,48.33901957263422,0.0,47.3570538993899
-O3,-DTIME_REGION=2,-DSIZE=512,8,0.5299639873555305,0.0,1.241299524116223,0.5299639873555305,1.0,99.42487283383244,160.2739205736684,0.0,58.528320502440664
-O3,-DTIME_REGION=2,-DSIZE=2048,8,0.11584616717442635,0.05528008394099957,0.27056093061365694,0.11584616717442635,1.0,100.00782465727882,104.7985653222151,80.69628486125133,87.6700714668329
-O3,-DTIME_REGION=3,-DSIZE=128,8,1.4414921696287173,0.0,2.4265352806616223,0.7207460848143586,2.0,6.445627376425856,214.25200566304864,0.0,8.334799694996773
-O3,-DTIME_REGION=3,-DSIZE=512,8,1.4620222454810963,0.0,2.4417975598012296,0.7310111227405481,2.0,6.281333727438286,212.19223412975498,0.0,0.8099913182018452
-O3,-DTIME_REGION=3,-DSIZE=2048,8,1.0567184560028586,0.31977879884519983,1.7620726707920658,0.5283592280014293,2.0,19.40256642405899,60.62080600825988,62.45790510400931,55.355461898705315
-O3,-DTIME_REGION=4,-DSIZE=128,8,0.37537015786607225,0.0,1.1410134825408158,0.37537015786607225,1.0,97.29742616556841,58.32606415822952,0.0,65.14967862675333
-O3,-DTIME_REGION=4,-DSIZE=512,8,0.1821940483789075,30334.144927536232,0.5483680960229216,0.1821940483789075,1.0,99.33919852625344,219.13702789329417,2.3598468165290237e-05,79.37555838549882
-O3,-DTIME_REGION=4,-DSIZE=2048,8,0.03799508291190579,0.014017441197563818,0.11407829503414063,0.03799508291190579,1.0,100.13167148925722,141.7401396808355,78.47211636630314,95.34335646406774
-O2,-DTIME_REGION=1,-DSIZE=128,9,0.3146341463414634,0.0,1.2719893292682927,0.3146341463414634,1.0,98.24052132701422,33.01573900982934,0.0,54.43216463414634
-O2,-DTIME_REGION=1,-DSIZE=512,9,0.1765402134834255,4104.0,0.7076677799457857,0.1765402134834255,1.0,99.61598677751115,139.81467387167973,0.0002724803064858487,74.02232965922099
-O2,-DTIME_REGION=1,-DSIZE=2048,9,0.03374706341338273,0.015748368131555366,0.1350559672947938,0.03374706341338273,1.0,100.3559754985633,103.17101816310812,95.89288042153926,94.82015654959592
-O2,-DTIME_REGION=2,-DSIZE=128,9,0.7837439126917403,0.0,1.8569026506559223,0.7837439126917403,1.0,97.70527901721042,48.77528023248917,0.0,47.87677860440031
-O2,-DTIME_REGION=2,-DSIZE=512,9,0.5043734019276788,0.0,1.1810420584452517,0.5043734019276788,1.0,99.22546942959876,131.72558657180733,0.0,59.56902647611923
-O2,-DTIME_REGION=2,-DSIZE=2048,9,0.11571762112559848,0.056044171488234464,0.2702420186494544,0.11571762112559848,1.0,99.92447776265907,104.5053075616666,80.11775092446666,88.70875020387552
-O2,-DTIME_REGION=3,-DSIZE=128,9,0.706379431757757,384.0,2.1291119957460873,0.706379431757757,1.0,3.2279686190875165,223.02973100519114,0.0429000429000429,4.019659974419039
-O2,-DTIME_REGION=3,-DSIZE=512,9,0.7404103159890675,43.885714285714286,2.2233304492650334,0.7404103159890675,1.0,3.1402184640764386,220.58850323403482,0.3854943965635928,0.3962691014605185
-O2,-DTIME_REGION=3,-DSIZE=2048,9,0.6415094108758095,0.29020402018061,1.9249554157273125,0.6415094108758095,1.0,9.608424559117843,70.31829914573922,59.56430302199058,49.25123403352819
-O2,-DTIME_REGION=4,-DSIZE=128,9,0.47574221545454337,8128.0,1.4442560468981853,0.47574221545454337,1.0,98.3273473135859,4.470046865036937,0.004446865515669643,52.833874061727634
-O2,-DTIME_REGION=4,-DSIZE=512,9,0.1669236947647036,15277.78102189781,0.5022443515974511,0.1669236947647036,1.0,99.33852613143644,219.15833686052974,4.69357727254498e-05,80.77230560873132
-O2,-DTIME_REGION=4,-DSIZE=2048,9,0.03752170324843017,0.014036727800127768,0.11264783885879341,0.03752170324843017,1.0,100.17799368986687,140.82203544126804,78.87762800065828,95.28340209692935
-O3,-DTIME_REGION=1,-DSIZE=128,9,0.5310690852952528,0.0,1.3442364595394314,0.2655345426476264,2.0,100.51392374805785,86.70630202140309,0.0,62.90685706934259
-O3,-DTIME_REGION=1,-DSIZE=512,9,0.34976216982086833,0.0,0.8763695875657163,0.17488108491043416,2.0,100.10118762315598,141.83032864135225,0.0,77.45979791092954
-O3,-DTIME_REGION=1,-DSIZE=2048,9,0.07068831470250549,0.03304374032079158,0.17681074003008618,0.03534415735125274,2.0,100.65010017671516,103.23925995758387,91.01708761502249,97.91142479685637
-O3,-DTIME_REGION=2,-DSIZE=128,9,0.7646166702776316,128.66666666666666,1.8133337460150423,0.7646166702776316,1.0,97.48978400467017,52.293413173652695,0.06893382352941177,48.67838682719985
-O3,-DTIME_REGION=2,-DSIZE=512,9,0.5187590458516391,12304.0,1.2150549322413422,0.5187590458516391,1.0,99.48237818885262,142.7961048529825,0.0002667698176628296,59.077275371369886
-O3,-DTIME_REGION=2,-DSIZE=2048,9,0.10697440282727039,0.05017859694242035,0.24984077294774346,0.10697440282727039,1.0,99.97412393588255,105.333847182276,89.31148778194675,86.21494488144636
-O3,-DTIME_REGION=3,-DSIZE=128,9,1.4366888810943528,0.0,2.4184496667835846,0.7183444405471764,2.0,6.445627376425856,211.75082586125532,0.0,12.936981176195486
-O3,-DTIME_REGION=3,-DSIZE=512,9,1.4336586157298619,4096.0,2.3944278450967915,0.7168293078649309,2.0,6.282096511217689,212.79179188294935,0.004288287258069127,1.0704604328874905
-O3,-DTIME_REGION=3,-DSIZE=2048,9,1.062387031408308,0.32595947722604185,1.7715249915569065,0.531193515704154,2.0,19.400480288101335,61.842046242866914,59.85343441760772,55.11436170212766
-O3,-DTIME_REGION=4,-DSIZE=128,9,0.4353298812699409,32512.0,1.3232731837439196,0.4353298812699409,1.0,97.2840754126813,23.28726167720433,0.0002132587212154041,56.38250954547832
-O3,-DTIME_REGION=4,-DSIZE=512,9,0.16684622927789422,0.0,0.5021742096890528,0.16684622927789422,1.0,99.33357823865104,218.24952122620277,0.0,80.75970292784417
-O3,-DTIME_REGION=4,-DSIZE=2048,9,0.037995569143693626,0.01400707922818548,0.11407975510168146,0.037995569143693626,1.0,100.13610161449475,141.23924491988163,78.82859708811387,95.97343761538981
-O2,-DTIME_REGION=1,-DSIZE=128,10,0.31267989698530524,0.0,1.2640887744281168,0.31267989698530524,1.0,98.2760663507109,30.146482608957744,0.0,53.77973034388729
-O2,-DTIME_REGION=1,-DSIZE=512,10,0.18019758507135017,0.0,0.7223291712403952,0.18019758507135017,1.0,99.62280887972342,149.6980559138803,0.0,73.56997804610317
-O2,-DTIME_REGION=1,-DSIZE=2048,10,0.03419244727426677,0.015474968822544817,0.13683840455127505,0.03419244727426677,1.0,100.27060568107666,104.19905867694348,96.50522847993827,94.60451285822323
-O2,-DTIME_REGION=2,-DSIZE=128,10,0.7755383939222703,0.0,1.8374615432912664,0.7755383939222703,1.0,96.77232427420756,65.51497005988024,0.0,47.774219878194266
-O2,-DTIME_REGION=2,-DSIZE=512,10,0.52781134733804,0.0,1.23592441185125,0.52781134733804,1.0,99.28275560547412,159.9818539355701,0.0,58.72794044212619
-O2,-DTIME_REGION=2,-DSIZE=2048,10,0.11625737821019834,0.05555830200730468,0.27150253518877787,0.11625737821019834,1.0,99.93289284606361,104.71233493233159,80.43752171463903,88.6112656292738
-O2,-DTIME_REGION=3,-DSIZE=128,10,0.706217043348324,384.0,2.128622537680139,0.706217043348324,1.0,3.2432020717495615,220.33818694222637,0.04298302170642596,2.219859480739666
-O2,-DTIME_REGION=3,-DSIZE=512,10,0.7406188021373856,0.0,2.2239564988915657,0.7406188021373856,1.0,3.1413627543065843,218.33469932914426,0.0,0.27743822620350367
-O2,-DTIME_REGION=3,-DSIZE=2048,10,0.6414099352305498,0.29114775073080146,1.924656871575712,0.6414099352305498,1.0,9.638419137829235,69.71972129822537,59.95076353802953,47.04673593310327
-O2,-DTIME_REGION=4,-DSIZE=128,10,0.46898694961986637,0.0,1.423748441701082,0.46898694961986637,1.0,97.27661002791093,5.0620360286354815,0.0,53.19143900833249
-O2,-DTIME_REGION=4,-DSIZE=512,10,0.16694712052929467,523264.0,0.5023148356468504,0.16694712052929467,1.0,99.34283888484556,218.55660490644775,1.373867913948223e-06,80.80404451082087
-O2,-DTIME_REGION=4,-DSIZE=2048,10,0.0378070408846659,0.014042627078369424,0.11350447904446588,0.0378070408846659,1.0,100.13886316599314,140.81106881935747,78.87702742456581,95.25405343239025
-O3,-DTIME_REGION=1,-DSIZE=128,10,0.5633764372718277,0.0,1.4260124876317855,0.28168821863591387,2.0,99.34265567108879,54.716073147256985,0.0,62.50639735234911
-O3,-DTIME_REGION=1,-DSIZE=512,10,0.34430613379196073,1026.0,0.8626988579758172,0.17215306689598037,2.0,99.99619595401668,127.68309569822117,0.002379889930090733,77.664329834202
-O3,-DTIME_REGION=1,-DSIZE=2048,10,0.07045917698293792,0.0319062588198655,0.17623760414566095,0.03522958849146896,2.0,100.66954201019873,103.33680655990085,94.09738137091453,97.32642445809667
-O3,-DTIME_REGION=2,-DSIZE=128,10,0.7835077703774184,0.0,1.8581351094196004,0.7835077703774184,1.0,97.49562171628722,51.877133105802045,0.0,47.684744687599114
-O3,-DTIME_REGION=2,-DSIZE=512,10,0.5188995420249745,3076.0,1.215384007116734,0.5188995420249745,1.0,99.41618518938107,145.8042117418257,0.0010413114276119344,59.16655134921419
-O3,-DTIME_REGION=2,-DSIZE=2048,10,0.11601422600614972,0.05603067966885057,0.2709534260001329,0.11601422600614972,1.0,99.98872678288069,103.94766449216519,80.34455843507799,87.03811767696956
-O3,-DTIME_REGION=3,-DSIZE=128,10,1.4424228195797628,0.0,2.42810188989318,0.7212114097898814,2.0,6.473003802281369,214.8026315789474,0.0,8.125953750440193
-O3,-DTIME_REGION=3,-DSIZE=512,10,1.4619379928541951,0.0,2.4416568452126453,0.7309689964270976,2.0,6.281905815272839,212.31254932912393,0.0,0.5149292297625377
-O3,-DTIME_REGION=3,-DSIZE=2048,10,1.1225469817254532,0.32286076498137795,1.8718414038688755,0.5612734908627266,2.0,19.412148414608385,61.48676946506758,60.81872513143387,51.52414273494787
-O3,-DTIME_REGION=4,-DSIZE=128,10,0.44150827214794913,0.0,1.3420536518884594,0.44150827214794913,1.0,97.29074949732008,23.962882497344935,0.0,55.19644852820886
-O3,-DTIME_REGION=4,-DSIZE=512,10,0.16686161319602077,31239.641791044774,0.5022205109997192,0.16686161319602077,1.0,99.33367583123479,218.2838673456046,2.304613777619575e-05,80.74793019382102
-O3,-DTIME_REGION=4,-DSIZE=2048,10,0.03758439641043447,0.014066065329198338,0.11284523194303442,0.03758439641043447,1.0,100.13819596626075,140.83469390672352,78.77846222068246,95.01899627592366
