-fno-vectorize,-DN=512,-O0,Run_Iteration,Result,N,gflops_per_sec
True,-DN=512,-O2,1,0.147004,512,1.8278250931947428
True,-DN=513,-O2,1,0.145225,513,1.8610746290239286
True,-DN=1000,-O2,1,0.151008,1000,13.250953591862682
True,-DN=1024,-O2,1,0.146102,1024,14.705700291577118
True,-DN=2000,-O2,1,0.144943,2000,110.41581863215197
True,-DN=2048,-O2,1,0.149743,2048,114.75704031574098
False,-DN=512,-O2,1,0.145769,512,1.8433109920490636
False,-DN=513,-O2,1,0.147,513,1.8386024693877554
False,-DN=1000,-O2,1,0.147401,1000,13.575213193940339
False,-DN=1024,-O2,1,0.147921,1024,14.524862757823435
False,-DN=2000,-O2,1,0.146892,2000,108.95079378046456
False,-DN=2048,-O2,1,0.148559,2048,115.6716421623732
True,-DN=512,-O2,2,0.146727,512,1.831275770648892
True,-DN=513,-O2,2,0.147526,513,1.8320469815490155
True,-DN=1000,-O2,2,0.145987,1000,13.706699911635967
True,-DN=1024,-O2,2,0.149728,1024,14.349568711263093
True,-DN=2000,-O2,2,0.145495,2000,109.99690711020997
True,-DN=2048,-O2,2,0.145279,2048,118.28318950433305
False,-DN=512,-O2,2,0.146367,512,1.8357799230700909
False,-DN=513,-O2,2,0.148295,513,1.8225467008327996
False,-DN=1000,-O2,2,0.150307,1000,13.312753231719082
False,-DN=1024,-O2,2,0.146639,1024,14.65184721663405
False,-DN=2000,-O2,2,0.146683,2000,109.10603137377883
False,-DN=2048,-O2,2,0.145342,2048,118.2319184268828
True,-DN=512,-O2,3,0.147005,512,1.8278126594333526
True,-DN=513,-O2,3,0.149424,513,1.8087761203019597
True,-DN=1000,-O2,3,0.145903,1000,13.714591201003405
True,-DN=1024,-O2,3,0.148622,1024,14.456353864165468
True,-DN=2000,-O2,3,0.145667,2000,109.86702547591426
True,-DN=2048,-O2,3,0.148305,2048,115.86975144465796
False,-DN=512,-O2,3,0.147867,512,1.8171573102855945
False,-DN=513,-O2,3,0.146498,513,1.8449027495255912
False,-DN=1000,-O2,3,0.149126,1000,13.418183281252094
False,-DN=1024,-O2,3,0.146282,1024,14.687604927468863
False,-DN=2000,-O2,3,0.1482,2000,107.98920377867748
False,-DN=2048,-O2,3,0.148124,2048,116.01133839215791
True,-DN=512,-O2,4,0.147957,512,1.8160519610427353
True,-DN=513,-O2,4,0.149264,513,1.8107149949083503
True,-DN=1000,-O2,4,0.147605,1000,13.556451339724264
True,-DN=1024,-O2,4,0.147533,1024,14.563061986131919
True,-DN=2000,-O2,4,0.149622,2000,106.96287979040515
True,-DN=2048,-O2,4,0.146782,2048,117.07200806638416
False,-DN=512,-O2,4,0.146146,512,1.8385559645833618
False,-DN=513,-O2,4,0.147307,513,1.83477066941829
False,-DN=1000,-O2,4,0.146547,1000,13.65432250404307
False,-DN=1024,-O2,4,0.149741,1024,14.348322930927402
False,-DN=2000,-O2,4,0.148267,2000,107.94040481024099
False,-DN=2048,-O2,4,0.146566,2048,117.24454162629804
True,-DN=512,-O2,5,0.148709,512,1.80686844777384
True,-DN=513,-O2,5,0.147219,513,1.8358674016261491
True,-DN=1000,-O2,5,0.14641,1000,13.667099241855063
True,-DN=1024,-O2,5,0.147976,1024,14.51946412931827
True,-DN=2000,-O2,5,0.147527,2000,108.48183722301683
True,-DN=2048,-O2,5,0.146102,2048,117.61689427933908
False,-DN=512,-O2,5,0.158219,512,1.698263798911635
False,-DN=513,-O2,5,0.14694,513,1.839353225806452
False,-DN=1000,-O2,5,0.146433,1000,13.664952572166108
False,-DN=1024,-O2,5,0.151333,1024,14.197380769561168
False,-DN=2000,-O2,5,0.146226,2000,109.44702036573524
False,-DN=2048,-O2,5,0.149226,2048,115.15462109820004
True,-DN=512,-O2,6,0.147996,512,1.81557339387551
True,-DN=513,-O2,6,0.147482,513,1.8325935571798593
True,-DN=1000,-O2,6,0.147781,1000,13.540306263998755
True,-DN=1024,-O2,6,0.147302,1024,14.585899879159824
True,-DN=2000,-O2,6,0.146115,2000,109.53016459637958
True,-DN=2048,-O2,6,0.145252,2048,118.30517643819019
False,-DN=512,-O2,6,0.157525,512,1.7057457546421202
False,-DN=513,-O2,6,0.145991,513,1.8513097588207492
False,-DN=1000,-O2,6,0.148935,1000,13.435391278074325
False,-DN=1024,-O2,6,0.146007,1024,14.715268610409092
False,-DN=2000,-O2,6,0.148621,2000,107.68330182141152
False,-DN=2048,-O2,6,0.149953,2048,114.59633010343241
True,-DN=512,-O2,7,0.147503,512,1.821641593730297
True,-DN=513,-O2,7,0.145512,513,1.8574039460663039
True,-DN=1000,-O2,7,0.151718,1000,13.188942643588764
True,-DN=1024,-O2,7,0.151872,1024,14.146993678887485
True,-DN=2000,-O2,7,0.149962,2000,106.72036916018725
True,-DN=2048,-O2,7,0.147813,2048,116.25542738460081
False,-DN=512,-O2,7,0.153375,512,1.7518995925020373
False,-DN=513,-O2,7,0.146282,513,1.8476269329104062
False,-DN=1000,-O2,7,0.151466,1000,13.210885611292303
False,-DN=1024,-O2,7,0.147748,1024,14.541870103148607
False,-DN=2000,-O2,7,0.147384,2000,108.58709222167944
False,-DN=2048,-O2,7,0.150884,2048,113.8892360223748
True,-DN=512,-O2,8,0.148236,512,1.812633908092501
True,-DN=513,-O2,8,0.146132,513,1.8495234650863603
True,-DN=1000,-O2,8,0.147911,1000,13.528405595256608
True,-DN=1024,-O2,8,0.148147,1024,14.502704907963038
True,-DN=2000,-O2,8,0.148214,2000,107.97900333301847
True,-DN=2048,-O2,8,0.147442,2048,116.54795436849744
False,-DN=512,-O2,8,0.153373,512,1.7519224374563969
False,-DN=513,-O2,8,0.150324,513,1.7979468547936457
False,-DN=1000,-O2,8,0.146535,1000,13.655440679701094
False,-DN=1024,-O2,8,0.146011,1024,14.714865482737602
False,-DN=2000,-O2,8,0.147033,2000,108.84631341263527
False,-DN=2048,-O2,8,0.147643,2048,116.38928691505862
True,-DN=512,-O2,9,0.148451,512,1.810008689736007
True,-DN=513,-O2,9,0.149237,513,1.811042589974336
True,-DN=1000,-O2,9,0.149845,1000,13.353798925556408
True,-DN=1024,-O2,9,0.14819,1024,14.498496686686014
True,-DN=2000,-O2,9,0.147241,2000,108.69255166699493
True,-DN=2048,-O2,9,0.147463,2048,116.53135693699436
False,-DN=512,-O2,9,0.1447,512,1.856928818244644
False,-DN=513,-O2,9,0.147447,513,1.8330285661966674
False,-DN=1000,-O2,9,0.151272,1000,13.227828018403935
False,-DN=1024,-O2,9,0.146714,1024,14.644357211990677
False,-DN=2000,-O2,9,0.147693,2000,108.35990872959451
False,-DN=2048,-O2,9,0.149257,2048,115.13070400718225
True,-DN=512,-O2,10,0.150905,512,1.7805745336469962
True,-DN=513,-O2,10,0.150617,513,1.794449252076459
True,-DN=1000,-O2,10,0.147232,1000,13.590795479243642
True,-DN=1024,-O2,10,0.146956,1024,14.62024159612401
True,-DN=2000,-O2,10,0.15065,2000,106.2329903750415
True,-DN=2048,-O2,10,0.148155,2048,115.98706414228342
False,-DN=512,-O2,10,0.148322,512,1.8115829074580976
False,-DN=513,-O2,10,0.149473,513,1.8081831702046525
False,-DN=1000,-O2,10,0.147609,1000,13.55608397861919
False,-DN=1024,-O2,10,0.149637,1024,14.358295234467413
False,-DN=2000,-O2,10,0.148481,2000,107.78483442325955
False,-DN=2048,-O2,10,0.148431,2048,115.77139201379765
